"","V1","V2"
"F_0.5_shuffle_1","-355","F_0.5_shuffle_1"
"F_0.5_shuffle_2","-355.5","F_0.5_shuffle_2"
"F_0.5_shuffle_3","-370.3","F_0.5_shuffle_3"
"F_0.5_shuffle_4","-362.2","F_0.5_shuffle_4"
"F_0.5_shuffle_5","-362.8","F_0.5_shuffle_5"
"F_0.5_shuffle_6","-360.8","F_0.5_shuffle_6"
"F_0.5_shuffle_7","-353.2","F_0.5_shuffle_7"
"F_0.5_shuffle_8","-359","F_0.5_shuffle_8"
"F_0.5_shuffle_9","-357.3","F_0.5_shuffle_9"
"F_0.5_shuffle_10","-350.9","F_0.5_shuffle_10"
"F_0.5_shuffle_11","-353.2","F_0.5_shuffle_11"
"F_0.5_shuffle_12","-353.3","F_0.5_shuffle_12"
"F_0.5_shuffle_13","-357.2","F_0.5_shuffle_13"
"F_0.5_shuffle_14","-364.6","F_0.5_shuffle_14"
"F_0.5_shuffle_15","-351.1","F_0.5_shuffle_15"
"F_0.5_shuffle_16","-359","F_0.5_shuffle_16"
"F_0.5_shuffle_17","-349.1","F_0.5_shuffle_17"
"F_0.5_shuffle_18","-345.9","F_0.5_shuffle_18"
"F_0.5_shuffle_19","-354","F_0.5_shuffle_19"
"F_0.5_shuffle_20","-358.6","F_0.5_shuffle_20"
"F_0.5_shuffle_21","-353.4","F_0.5_shuffle_21"
"F_0.5_shuffle_22","-358.9","F_0.5_shuffle_22"
"F_0.5_shuffle_23","-363.7","F_0.5_shuffle_23"
"F_0.5_shuffle_24","-351.2","F_0.5_shuffle_24"
"F_0.5_shuffle_25","-342.4","F_0.5_shuffle_25"
"F_0.5_shuffle_26","-348.3","F_0.5_shuffle_26"
"F_0.5_shuffle_27","-349","F_0.5_shuffle_27"
"F_0.5_shuffle_28","-350.5","F_0.5_shuffle_28"
"F_0.5_shuffle_29","-370.1","F_0.5_shuffle_29"
"F_0.5_shuffle_30","-358.2","F_0.5_shuffle_30"
"F_0.5_shuffle_31","-359.2","F_0.5_shuffle_31"
"F_0.5_shuffle_32","-353.3","F_0.5_shuffle_32"
"F_0.5_shuffle_33","-344.8","F_0.5_shuffle_33"
"F_0.5_shuffle_34","-355","F_0.5_shuffle_34"
"F_0.5_shuffle_35","-354","F_0.5_shuffle_35"
"F_0.5_shuffle_36","-361.4","F_0.5_shuffle_36"
"F_0.5_shuffle_37","-358.8","F_0.5_shuffle_37"
"F_0.5_shuffle_38","-351.3","F_0.5_shuffle_38"
"F_0.5_shuffle_39","-363.7","F_0.5_shuffle_39"
"F_0.5_shuffle_40","-355.2","F_0.5_shuffle_40"
"F_0.5_shuffle_41","-343.9","F_0.5_shuffle_41"
"F_0.5_shuffle_42","-367.8","F_0.5_shuffle_42"
"F_0.5_shuffle_43","-349.4","F_0.5_shuffle_43"
"F_0.5_shuffle_44","-355.5","F_0.5_shuffle_44"
"F_0.5_shuffle_45","-354.8","F_0.5_shuffle_45"
"F_0.5_shuffle_46","-347.5","F_0.5_shuffle_46"
"F_0.5_shuffle_47","-344.8","F_0.5_shuffle_47"
"F_0.5_shuffle_48","-346.6","F_0.5_shuffle_48"
"F_0.5_shuffle_49","-331.1","F_0.5_shuffle_49"
"F_0.5_shuffle_50","-351.4","F_0.5_shuffle_50"
"F_0.5_shuffle_51","-351.6","F_0.5_shuffle_51"
"F_0.5_shuffle_52","-356.8","F_0.5_shuffle_52"
"F_0.5_shuffle_53","-349.3","F_0.5_shuffle_53"
"F_0.5_shuffle_54","-355.9","F_0.5_shuffle_54"
"F_0.5_shuffle_55","-345.7","F_0.5_shuffle_55"
"F_0.5_shuffle_56","-351.6","F_0.5_shuffle_56"
"F_0.5_shuffle_57","-357.3","F_0.5_shuffle_57"
"F_0.5_shuffle_58","-332","F_0.5_shuffle_58"
"F_0.5_shuffle_59","-344.5","F_0.5_shuffle_59"
"F_0.5_shuffle_60","-351.4","F_0.5_shuffle_60"
"F_0.5_shuffle_61","-355.8","F_0.5_shuffle_61"
"F_0.5_shuffle_62","-356.9","F_0.5_shuffle_62"
"F_0.5_shuffle_63","-356.9","F_0.5_shuffle_63"
"F_0.5_shuffle_64","-369.1","F_0.5_shuffle_64"
"F_0.5_shuffle_65","-354.8","F_0.5_shuffle_65"
"F_0.5_shuffle_66","-352","F_0.5_shuffle_66"
"F_0.5_shuffle_67","-353.6","F_0.5_shuffle_67"
"F_0.5_shuffle_68","-368.1","F_0.5_shuffle_68"
"F_0.5_shuffle_69","-356.3","F_0.5_shuffle_69"
"F_0.5_shuffle_70","-346.4","F_0.5_shuffle_70"
"F_0.5_shuffle_71","-346.3","F_0.5_shuffle_71"
"F_0.5_shuffle_72","-364.5","F_0.5_shuffle_72"
"F_0.5_shuffle_73","-362.9","F_0.5_shuffle_73"
"F_0.5_shuffle_74","-356.9","F_0.5_shuffle_74"
"F_0.5_shuffle_75","-353.5","F_0.5_shuffle_75"
"F_0.5_shuffle_76","-348.4","F_0.5_shuffle_76"
"F_0.5_shuffle_77","-360.4","F_0.5_shuffle_77"
"F_0.5_shuffle_78","-356.6","F_0.5_shuffle_78"
"F_0.5_shuffle_79","-354.3","F_0.5_shuffle_79"
"F_0.5_shuffle_80","-356.9","F_0.5_shuffle_80"
"F_0.5_shuffle_81","-349.1","F_0.5_shuffle_81"
"F_0.5_shuffle_82","-351.9","F_0.5_shuffle_82"
"F_0.5_shuffle_83","-351.3","F_0.5_shuffle_83"
"F_0.5_shuffle_84","-355.8","F_0.5_shuffle_84"
"F_0.5_shuffle_85","-354.8","F_0.5_shuffle_85"
"F_0.5_shuffle_86","-350.8","F_0.5_shuffle_86"
"F_0.5_shuffle_87","-342.2","F_0.5_shuffle_87"
"F_0.5_shuffle_88","-347.1","F_0.5_shuffle_88"
"F_0.5_shuffle_89","-353","F_0.5_shuffle_89"
"F_0.5_shuffle_90","-355.5","F_0.5_shuffle_90"
"F_0.5_shuffle_91","-357.9","F_0.5_shuffle_91"
"F_0.5_shuffle_92","-355.3","F_0.5_shuffle_92"
"F_0.5_shuffle_93","-354.1","F_0.5_shuffle_93"
"F_0.5_shuffle_94","-361.4","F_0.5_shuffle_94"
"F_0.5_shuffle_95","-354.5","F_0.5_shuffle_95"
"F_0.5_shuffle_96","-352.8","F_0.5_shuffle_96"
"F_0.5_shuffle_97","-356.5","F_0.5_shuffle_97"
"F_0.5_shuffle_98","-354.8","F_0.5_shuffle_98"
"F_0.5_shuffle_99","-357.5","F_0.5_shuffle_99"
"F_0.5_shuffle_100","-352.2","F_0.5_shuffle_100"
"F_0.5_shuffle_101","-358.9","F_0.5_shuffle_101"
"F_0.5_shuffle_102","-349.9","F_0.5_shuffle_102"
"F_0.5_shuffle_103","-366.8","F_0.5_shuffle_103"
"F_0.5_shuffle_104","-349.7","F_0.5_shuffle_104"
"F_0.5_shuffle_105","-357.2","F_0.5_shuffle_105"
"F_0.5_shuffle_106","-358","F_0.5_shuffle_106"
"F_0.5_shuffle_107","-350.1","F_0.5_shuffle_107"
"F_0.5_shuffle_108","-361.1","F_0.5_shuffle_108"
"F_0.5_shuffle_109","-347.7","F_0.5_shuffle_109"
"F_0.5_shuffle_110","-352.7","F_0.5_shuffle_110"
"F_0.5_shuffle_111","-365.3","F_0.5_shuffle_111"
"F_0.5_shuffle_112","-358.7","F_0.5_shuffle_112"
"F_0.5_shuffle_113","-353.5","F_0.5_shuffle_113"
"F_0.5_shuffle_114","-348.2","F_0.5_shuffle_114"
"F_0.5_shuffle_115","-351.1","F_0.5_shuffle_115"
"F_0.5_shuffle_116","-361","F_0.5_shuffle_116"
"F_0.5_shuffle_117","-351.2","F_0.5_shuffle_117"
"F_0.5_shuffle_118","-353.4","F_0.5_shuffle_118"
"F_0.5_shuffle_119","-354.8","F_0.5_shuffle_119"
"F_0.5_shuffle_120","-345.6","F_0.5_shuffle_120"
"F_0.5_shuffle_121","-353.9","F_0.5_shuffle_121"
"F_0.5_shuffle_122","-351.8","F_0.5_shuffle_122"
"F_0.5_shuffle_123","-363.5","F_0.5_shuffle_123"
"F_0.5_shuffle_124","-360.9","F_0.5_shuffle_124"
"F_0.5_shuffle_125","-346.9","F_0.5_shuffle_125"
"F_0.5_shuffle_126","-364.3","F_0.5_shuffle_126"
"F_0.5_shuffle_127","-347.6","F_0.5_shuffle_127"
"F_0.5_shuffle_128","-354.5","F_0.5_shuffle_128"
"F_0.5_shuffle_129","-344.6","F_0.5_shuffle_129"
"F_0.5_shuffle_130","-355.6","F_0.5_shuffle_130"
"F_0.5_shuffle_131","-351.8","F_0.5_shuffle_131"
"F_0.5_shuffle_132","-363.6","F_0.5_shuffle_132"
"F_0.5_shuffle_133","-348.4","F_0.5_shuffle_133"
"F_0.5_shuffle_134","-359.6","F_0.5_shuffle_134"
"F_0.5_shuffle_135","-345.9","F_0.5_shuffle_135"
"F_0.5_shuffle_136","-351.5","F_0.5_shuffle_136"
"F_0.5_shuffle_137","-352.9","F_0.5_shuffle_137"
"F_0.5_shuffle_138","-352.3","F_0.5_shuffle_138"
"F_0.5_shuffle_139","-355.5","F_0.5_shuffle_139"
"F_0.5_shuffle_140","-366.2","F_0.5_shuffle_140"
"F_0.5_shuffle_141","-371.1","F_0.5_shuffle_141"
"F_0.5_shuffle_142","-357.7","F_0.5_shuffle_142"
"F_0.5_shuffle_143","-364.3","F_0.5_shuffle_143"
"F_0.5_shuffle_144","-363.9","F_0.5_shuffle_144"
"F_0.5_shuffle_145","-344.7","F_0.5_shuffle_145"
"F_0.5_shuffle_146","-366.1","F_0.5_shuffle_146"
"F_0.5_shuffle_147","-347.2","F_0.5_shuffle_147"
"F_0.5_shuffle_148","-358.3","F_0.5_shuffle_148"
"F_0.5_shuffle_149","-351.8","F_0.5_shuffle_149"
"F_0.5_shuffle_150","-355.1","F_0.5_shuffle_150"
"F_0.5_shuffle_151","-356.7","F_0.5_shuffle_151"
"F_0.5_shuffle_152","-348.4","F_0.5_shuffle_152"
"F_0.5_shuffle_153","-350.7","F_0.5_shuffle_153"
"F_0.5_shuffle_154","-368.2","F_0.5_shuffle_154"
"F_0.5_shuffle_155","-350.2","F_0.5_shuffle_155"
"F_0.5_shuffle_156","-364.4","F_0.5_shuffle_156"
"F_0.5_shuffle_157","-351","F_0.5_shuffle_157"
"F_0.5_shuffle_158","-345.5","F_0.5_shuffle_158"
"F_0.5_shuffle_159","-369.9","F_0.5_shuffle_159"
"F_0.5_shuffle_160","-356.4","F_0.5_shuffle_160"
"F_0.5_shuffle_161","-356.5","F_0.5_shuffle_161"
"F_0.5_shuffle_162","-352","F_0.5_shuffle_162"
"F_0.5_shuffle_163","-368.1","F_0.5_shuffle_163"
"F_0.5_shuffle_164","-361.3","F_0.5_shuffle_164"
"F_0.5_shuffle_165","-361.6","F_0.5_shuffle_165"
"F_0.5_shuffle_166","-345.1","F_0.5_shuffle_166"
"F_0.5_shuffle_167","-361.3","F_0.5_shuffle_167"
"F_0.5_shuffle_168","-348.9","F_0.5_shuffle_168"
"F_0.5_shuffle_169","-358.6","F_0.5_shuffle_169"
"F_0.5_shuffle_170","-373.7","F_0.5_shuffle_170"
"F_0.5_shuffle_171","-348.5","F_0.5_shuffle_171"
"F_0.5_shuffle_172","-356.4","F_0.5_shuffle_172"
"F_0.5_shuffle_173","-362.1","F_0.5_shuffle_173"
"F_0.5_shuffle_174","-363.5","F_0.5_shuffle_174"
"F_0.5_shuffle_175","-354.4","F_0.5_shuffle_175"
"F_0.5_shuffle_176","-357.5","F_0.5_shuffle_176"
"F_0.5_shuffle_177","-351.4","F_0.5_shuffle_177"
"F_0.5_shuffle_178","-348.3","F_0.5_shuffle_178"
"F_0.5_shuffle_179","-360.1","F_0.5_shuffle_179"
"F_0.5_shuffle_180","-354.8","F_0.5_shuffle_180"
"F_0.5_shuffle_181","-341.8","F_0.5_shuffle_181"
"F_0.5_shuffle_182","-352.8","F_0.5_shuffle_182"
"F_0.5_shuffle_183","-353.8","F_0.5_shuffle_183"
"F_0.5_shuffle_184","-346.4","F_0.5_shuffle_184"
"F_0.5_shuffle_185","-354.4","F_0.5_shuffle_185"
"F_0.5_shuffle_186","-355.7","F_0.5_shuffle_186"
"F_0.5_shuffle_187","-363.6","F_0.5_shuffle_187"
"F_0.5_shuffle_188","-356.3","F_0.5_shuffle_188"
"F_0.5_shuffle_189","-354.8","F_0.5_shuffle_189"
"F_0.5_shuffle_190","-360.5","F_0.5_shuffle_190"
"F_0.5_shuffle_191","-364.9","F_0.5_shuffle_191"
"F_0.5_shuffle_192","-363.1","F_0.5_shuffle_192"
"F_0.5_shuffle_193","-349.9","F_0.5_shuffle_193"
"F_0.5_shuffle_194","-369","F_0.5_shuffle_194"
"F_0.5_shuffle_195","-359.4","F_0.5_shuffle_195"
"F_0.5_shuffle_196","-342.4","F_0.5_shuffle_196"
"F_0.5_shuffle_197","-360.9","F_0.5_shuffle_197"
"F_0.5_shuffle_198","-354.2","F_0.5_shuffle_198"
"F_0.5_shuffle_199","-365","F_0.5_shuffle_199"
"F_0.5_shuffle_200","-355.5","F_0.5_shuffle_200"
"F_0.5_shuffle_201","-346.6","F_0.5_shuffle_201"
"F_0.5_shuffle_202","-360.5","F_0.5_shuffle_202"
"F_0.5_shuffle_203","-359.2","F_0.5_shuffle_203"
"F_0.5_shuffle_204","-357.6","F_0.5_shuffle_204"
"F_0.5_shuffle_205","-358.9","F_0.5_shuffle_205"
"F_0.5_shuffle_206","-360.8","F_0.5_shuffle_206"
"F_0.5_shuffle_207","-367.7","F_0.5_shuffle_207"
"F_0.5_shuffle_208","-363.3","F_0.5_shuffle_208"
"F_0.5_shuffle_209","-339.4","F_0.5_shuffle_209"
"F_0.5_shuffle_210","-360.3","F_0.5_shuffle_210"
"F_0.5_shuffle_211","-353.6","F_0.5_shuffle_211"
"F_0.5_shuffle_212","-348.9","F_0.5_shuffle_212"
"F_0.5_shuffle_213","-373.3","F_0.5_shuffle_213"
"F_0.5_shuffle_214","-357.8","F_0.5_shuffle_214"
"F_0.5_shuffle_215","-348.4","F_0.5_shuffle_215"
"F_0.5_shuffle_216","-360.5","F_0.5_shuffle_216"
"F_0.5_shuffle_217","-355.2","F_0.5_shuffle_217"
"F_0.5_shuffle_218","-345.5","F_0.5_shuffle_218"
"F_0.5_shuffle_219","-349.5","F_0.5_shuffle_219"
"F_0.5_shuffle_220","-364.8","F_0.5_shuffle_220"
"F_0.5_shuffle_221","-340.2","F_0.5_shuffle_221"
"F_0.5_shuffle_222","-351.8","F_0.5_shuffle_222"
"F_0.5_shuffle_223","-351.7","F_0.5_shuffle_223"
"F_0.5_shuffle_224","-347","F_0.5_shuffle_224"
"F_0.5_shuffle_225","-358.3","F_0.5_shuffle_225"
"F_0.5_shuffle_226","-360.7","F_0.5_shuffle_226"
"F_0.5_shuffle_227","-358","F_0.5_shuffle_227"
"F_0.5_shuffle_228","-345.5","F_0.5_shuffle_228"
"F_0.5_shuffle_229","-362.7","F_0.5_shuffle_229"
"F_0.5_shuffle_230","-360","F_0.5_shuffle_230"
"F_0.5_shuffle_231","-366","F_0.5_shuffle_231"
"F_0.5_shuffle_232","-357.5","F_0.5_shuffle_232"
"F_0.5_shuffle_233","-349.8","F_0.5_shuffle_233"
"F_0.5_shuffle_234","-352.1","F_0.5_shuffle_234"
"F_0.5_shuffle_235","-350.7","F_0.5_shuffle_235"
"F_0.5_shuffle_236","-352.4","F_0.5_shuffle_236"
"F_0.5_shuffle_237","-352.3","F_0.5_shuffle_237"
"F_0.5_shuffle_238","-361.9","F_0.5_shuffle_238"
"F_0.5_shuffle_239","-358.8","F_0.5_shuffle_239"
"F_0.5_shuffle_240","-356.9","F_0.5_shuffle_240"
"F_0.5_shuffle_241","-360.1","F_0.5_shuffle_241"
"F_0.5_shuffle_242","-358.1","F_0.5_shuffle_242"
"F_0.5_shuffle_243","-354.7","F_0.5_shuffle_243"
"F_0.5_shuffle_244","-354.5","F_0.5_shuffle_244"
"F_0.5_shuffle_245","-358.6","F_0.5_shuffle_245"
"F_0.5_shuffle_246","-360.2","F_0.5_shuffle_246"
"F_0.5_shuffle_247","-354.6","F_0.5_shuffle_247"
"F_0.5_shuffle_248","-345.8","F_0.5_shuffle_248"
"F_0.5_shuffle_249","-337.2","F_0.5_shuffle_249"
"F_0.5_shuffle_250","-350.9","F_0.5_shuffle_250"
"F_0.5_shuffle_251","-358.6","F_0.5_shuffle_251"
"F_0.5_shuffle_252","-355.9","F_0.5_shuffle_252"
"F_0.5_shuffle_253","-357.4","F_0.5_shuffle_253"
"F_0.5_shuffle_254","-366.7","F_0.5_shuffle_254"
"F_0.5_shuffle_255","-351.2","F_0.5_shuffle_255"
"F_0.5_shuffle_256","-357.7","F_0.5_shuffle_256"
"F_0.5_shuffle_257","-352.9","F_0.5_shuffle_257"
"F_0.5_shuffle_258","-346.2","F_0.5_shuffle_258"
"F_0.5_shuffle_259","-352.7","F_0.5_shuffle_259"
"F_0.5_shuffle_260","-358.1","F_0.5_shuffle_260"
"F_0.5_shuffle_261","-346.1","F_0.5_shuffle_261"
"F_0.5_shuffle_262","-351.2","F_0.5_shuffle_262"
"F_0.5_shuffle_263","-360","F_0.5_shuffle_263"
"F_0.5_shuffle_264","-350.2","F_0.5_shuffle_264"
"F_0.5_shuffle_265","-347.5","F_0.5_shuffle_265"
"F_0.5_shuffle_266","-351","F_0.5_shuffle_266"
"F_0.5_shuffle_267","-362.8","F_0.5_shuffle_267"
"F_0.5_shuffle_268","-368.6","F_0.5_shuffle_268"
"F_0.5_shuffle_269","-348.3","F_0.5_shuffle_269"
"F_0.5_shuffle_270","-346.8","F_0.5_shuffle_270"
"F_0.5_shuffle_271","-365.4","F_0.5_shuffle_271"
"F_0.5_shuffle_272","-356.3","F_0.5_shuffle_272"
"F_0.5_shuffle_273","-345.6","F_0.5_shuffle_273"
"F_0.5_shuffle_274","-362.5","F_0.5_shuffle_274"
"F_0.5_shuffle_275","-368.5","F_0.5_shuffle_275"
"F_0.5_shuffle_276","-351.5","F_0.5_shuffle_276"
"F_0.5_shuffle_277","-355.6","F_0.5_shuffle_277"
"F_0.5_shuffle_278","-360.3","F_0.5_shuffle_278"
"F_0.5_shuffle_279","-352.7","F_0.5_shuffle_279"
"F_0.5_shuffle_280","-348.1","F_0.5_shuffle_280"
"F_0.5_shuffle_281","-352.1","F_0.5_shuffle_281"
"F_0.5_shuffle_282","-367.8","F_0.5_shuffle_282"
"F_0.5_shuffle_283","-343.8","F_0.5_shuffle_283"
"F_0.5_shuffle_284","-351.9","F_0.5_shuffle_284"
"F_0.5_shuffle_285","-350.9","F_0.5_shuffle_285"
"F_0.5_shuffle_286","-365","F_0.5_shuffle_286"
"F_0.5_shuffle_287","-343.5","F_0.5_shuffle_287"
"F_0.5_shuffle_288","-357.2","F_0.5_shuffle_288"
"F_0.5_shuffle_289","-358.4","F_0.5_shuffle_289"
"F_0.5_shuffle_290","-369.3","F_0.5_shuffle_290"
"F_0.5_shuffle_291","-348.7","F_0.5_shuffle_291"
"F_0.5_shuffle_292","-348.5","F_0.5_shuffle_292"
"F_0.5_shuffle_293","-355.9","F_0.5_shuffle_293"
"F_0.5_shuffle_294","-331.4","F_0.5_shuffle_294"
"F_0.5_shuffle_295","-359.9","F_0.5_shuffle_295"
"F_0.5_shuffle_296","-342.6","F_0.5_shuffle_296"
"F_0.5_shuffle_297","-354.1","F_0.5_shuffle_297"
"F_0.5_shuffle_298","-349.9","F_0.5_shuffle_298"
"F_0.5_shuffle_299","-349.8","F_0.5_shuffle_299"
"F_0.5_shuffle_300","-365.9","F_0.5_shuffle_300"
"F_0.5_shuffle_301","-347.3","F_0.5_shuffle_301"
"F_0.5_shuffle_302","-361.7","F_0.5_shuffle_302"
"F_0.5_shuffle_303","-364.4","F_0.5_shuffle_303"
"F_0.5_shuffle_304","-349.6","F_0.5_shuffle_304"
"F_0.5_shuffle_305","-354.4","F_0.5_shuffle_305"
"F_0.5_shuffle_306","-361.6","F_0.5_shuffle_306"
"F_0.5_shuffle_307","-353.1","F_0.5_shuffle_307"
"F_0.5_shuffle_308","-349.3","F_0.5_shuffle_308"
"F_0.5_shuffle_309","-359.8","F_0.5_shuffle_309"
"F_0.5_shuffle_310","-365.5","F_0.5_shuffle_310"
"F_0.5_shuffle_311","-361.7","F_0.5_shuffle_311"
"F_0.5_shuffle_312","-359.9","F_0.5_shuffle_312"
"F_0.5_shuffle_313","-365.8","F_0.5_shuffle_313"
"F_0.5_shuffle_314","-350.7","F_0.5_shuffle_314"
"F_0.5_shuffle_315","-339.2","F_0.5_shuffle_315"
"F_0.5_shuffle_316","-360.3","F_0.5_shuffle_316"
"F_0.5_shuffle_317","-362.8","F_0.5_shuffle_317"
"F_0.5_shuffle_318","-345.9","F_0.5_shuffle_318"
"F_0.5_shuffle_319","-343.2","F_0.5_shuffle_319"
"F_0.5_shuffle_320","-350.9","F_0.5_shuffle_320"
"F_0.5_shuffle_321","-354.5","F_0.5_shuffle_321"
"F_0.5_shuffle_322","-358.6","F_0.5_shuffle_322"
"F_0.5_shuffle_323","-355.1","F_0.5_shuffle_323"
"F_0.5_shuffle_324","-343","F_0.5_shuffle_324"
"F_0.5_shuffle_325","-358","F_0.5_shuffle_325"
"F_0.5_shuffle_326","-349.2","F_0.5_shuffle_326"
"F_0.5_shuffle_327","-344.3","F_0.5_shuffle_327"
"F_0.5_shuffle_328","-349.6","F_0.5_shuffle_328"
"F_0.5_shuffle_329","-351.5","F_0.5_shuffle_329"
"F_0.5_shuffle_330","-355.8","F_0.5_shuffle_330"
"F_0.5_shuffle_331","-357.9","F_0.5_shuffle_331"
"F_0.5_shuffle_332","-341","F_0.5_shuffle_332"
"F_0.5_shuffle_333","-356.3","F_0.5_shuffle_333"
"F_0.5_shuffle_334","-350.7","F_0.5_shuffle_334"
"F_0.5_shuffle_335","-356.9","F_0.5_shuffle_335"
"F_0.5_shuffle_336","-357.2","F_0.5_shuffle_336"
"F_0.5_shuffle_337","-346.8","F_0.5_shuffle_337"
"F_0.5_shuffle_338","-352.4","F_0.5_shuffle_338"
"F_0.5_shuffle_339","-349.1","F_0.5_shuffle_339"
"F_0.5_shuffle_340","-363.6","F_0.5_shuffle_340"
"F_0.5_shuffle_341","-352.4","F_0.5_shuffle_341"
"F_0.5_shuffle_342","-358","F_0.5_shuffle_342"
"F_0.5_shuffle_343","-365.6","F_0.5_shuffle_343"
"F_0.5_shuffle_344","-353.1","F_0.5_shuffle_344"
"F_0.5_shuffle_345","-359.8","F_0.5_shuffle_345"
"F_0.5_shuffle_346","-356.5","F_0.5_shuffle_346"
"F_0.5_shuffle_347","-352.5","F_0.5_shuffle_347"
"F_0.5_shuffle_348","-352","F_0.5_shuffle_348"
"F_0.5_shuffle_349","-349.4","F_0.5_shuffle_349"
"F_0.5_shuffle_350","-356.8","F_0.5_shuffle_350"
"F_0.5_shuffle_351","-354.5","F_0.5_shuffle_351"
"F_0.5_shuffle_352","-355","F_0.5_shuffle_352"
"F_0.5_shuffle_353","-354.4","F_0.5_shuffle_353"
"F_0.5_shuffle_354","-354.5","F_0.5_shuffle_354"
"F_0.5_shuffle_355","-351.7","F_0.5_shuffle_355"
"F_0.5_shuffle_356","-352.6","F_0.5_shuffle_356"
"F_0.5_shuffle_357","-347.2","F_0.5_shuffle_357"
"F_0.5_shuffle_358","-351.2","F_0.5_shuffle_358"
"F_0.5_shuffle_359","-346.7","F_0.5_shuffle_359"
"F_0.5_shuffle_360","-351.9","F_0.5_shuffle_360"
"F_0.5_shuffle_361","-350","F_0.5_shuffle_361"
"F_0.5_shuffle_362","-357.6","F_0.5_shuffle_362"
"F_0.5_shuffle_363","-363.5","F_0.5_shuffle_363"
"F_0.5_shuffle_364","-353.7","F_0.5_shuffle_364"
"F_0.5_shuffle_365","-365.9","F_0.5_shuffle_365"
"F_0.5_shuffle_366","-354.9","F_0.5_shuffle_366"
"F_0.5_shuffle_367","-356.8","F_0.5_shuffle_367"
"F_0.5_shuffle_368","-355.7","F_0.5_shuffle_368"
"F_0.5_shuffle_369","-359.1","F_0.5_shuffle_369"
"F_0.5_shuffle_370","-353.8","F_0.5_shuffle_370"
"F_0.5_shuffle_371","-359.5","F_0.5_shuffle_371"
"F_0.5_shuffle_372","-354.1","F_0.5_shuffle_372"
"F_0.5_shuffle_373","-360.6","F_0.5_shuffle_373"
"F_0.5_shuffle_374","-343.5","F_0.5_shuffle_374"
"F_0.5_shuffle_375","-347.6","F_0.5_shuffle_375"
"F_0.5_shuffle_376","-365.2","F_0.5_shuffle_376"
"F_0.5_shuffle_377","-355.4","F_0.5_shuffle_377"
"F_0.5_shuffle_378","-357.5","F_0.5_shuffle_378"
"F_0.5_shuffle_379","-347.4","F_0.5_shuffle_379"
"F_0.5_shuffle_380","-356.7","F_0.5_shuffle_380"
"F_0.5_shuffle_381","-349.6","F_0.5_shuffle_381"
"F_0.5_shuffle_382","-359.9","F_0.5_shuffle_382"
"F_0.5_shuffle_383","-330.9","F_0.5_shuffle_383"
"F_0.5_shuffle_384","-365.2","F_0.5_shuffle_384"
"F_0.5_shuffle_385","-373.2","F_0.5_shuffle_385"
"F_0.5_shuffle_386","-364.9","F_0.5_shuffle_386"
"F_0.5_shuffle_387","-348.5","F_0.5_shuffle_387"
"F_0.5_shuffle_388","-352.3","F_0.5_shuffle_388"
"F_0.5_shuffle_389","-360","F_0.5_shuffle_389"
"F_0.5_shuffle_390","-346.4","F_0.5_shuffle_390"
"F_0.5_shuffle_391","-342.4","F_0.5_shuffle_391"
"F_0.5_shuffle_392","-355.6","F_0.5_shuffle_392"
"F_0.5_shuffle_393","-349","F_0.5_shuffle_393"
"F_0.5_shuffle_394","-371.9","F_0.5_shuffle_394"
"F_0.5_shuffle_395","-356","F_0.5_shuffle_395"
"F_0.5_shuffle_396","-357","F_0.5_shuffle_396"
"F_0.5_shuffle_397","-348.1","F_0.5_shuffle_397"
"F_0.5_shuffle_398","-358.4","F_0.5_shuffle_398"
"F_0.5_shuffle_399","-352.5","F_0.5_shuffle_399"
"F_0.5_shuffle_400","-361.6","F_0.5_shuffle_400"
"F_0.5_shuffle_401","-343.2","F_0.5_shuffle_401"
"F_0.5_shuffle_402","-351.1","F_0.5_shuffle_402"
"F_0.5_shuffle_403","-361.6","F_0.5_shuffle_403"
"F_0.5_shuffle_404","-356.3","F_0.5_shuffle_404"
"F_0.5_shuffle_405","-353.2","F_0.5_shuffle_405"
"F_0.5_shuffle_406","-356.5","F_0.5_shuffle_406"
"F_0.5_shuffle_407","-359.4","F_0.5_shuffle_407"
"F_0.5_shuffle_408","-365.8","F_0.5_shuffle_408"
"F_0.5_shuffle_409","-352.1","F_0.5_shuffle_409"
"F_0.5_shuffle_410","-360.9","F_0.5_shuffle_410"
"F_0.5_shuffle_411","-359.5","F_0.5_shuffle_411"
"F_0.5_shuffle_412","-353","F_0.5_shuffle_412"
"F_0.5_shuffle_413","-357.9","F_0.5_shuffle_413"
"F_0.5_shuffle_414","-353.6","F_0.5_shuffle_414"
"F_0.5_shuffle_415","-358.6","F_0.5_shuffle_415"
"F_0.5_shuffle_416","-358.1","F_0.5_shuffle_416"
"F_0.5_shuffle_417","-352.7","F_0.5_shuffle_417"
"F_0.5_shuffle_418","-353.1","F_0.5_shuffle_418"
"F_0.5_shuffle_419","-353.8","F_0.5_shuffle_419"
"F_0.5_shuffle_420","-377.5","F_0.5_shuffle_420"
"F_0.5_shuffle_421","-358.6","F_0.5_shuffle_421"
"F_0.5_shuffle_422","-354.6","F_0.5_shuffle_422"
"F_0.5_shuffle_423","-350","F_0.5_shuffle_423"
"F_0.5_shuffle_424","-360.5","F_0.5_shuffle_424"
"F_0.5_shuffle_425","-360.5","F_0.5_shuffle_425"
"F_0.5_shuffle_426","-344.6","F_0.5_shuffle_426"
"F_0.5_shuffle_427","-355.1","F_0.5_shuffle_427"
"F_0.5_shuffle_428","-363.6","F_0.5_shuffle_428"
"F_0.5_shuffle_429","-363.6","F_0.5_shuffle_429"
"F_0.5_shuffle_430","-353.3","F_0.5_shuffle_430"
"F_0.5_shuffle_431","-344.9","F_0.5_shuffle_431"
"F_0.5_shuffle_432","-347.7","F_0.5_shuffle_432"
"F_0.5_shuffle_433","-360","F_0.5_shuffle_433"
"F_0.5_shuffle_434","-356","F_0.5_shuffle_434"
"F_0.5_shuffle_435","-355.1","F_0.5_shuffle_435"
"F_0.5_shuffle_436","-348.3","F_0.5_shuffle_436"
"F_0.5_shuffle_437","-351.6","F_0.5_shuffle_437"
"F_0.5_shuffle_438","-350.3","F_0.5_shuffle_438"
"F_0.5_shuffle_439","-357.5","F_0.5_shuffle_439"
"F_0.5_shuffle_440","-343.7","F_0.5_shuffle_440"
"F_0.5_shuffle_441","-359.7","F_0.5_shuffle_441"
"F_0.5_shuffle_442","-353.1","F_0.5_shuffle_442"
"F_0.5_shuffle_443","-341.4","F_0.5_shuffle_443"
"F_0.5_shuffle_444","-359.5","F_0.5_shuffle_444"
"F_0.5_shuffle_445","-344.3","F_0.5_shuffle_445"
"F_0.5_shuffle_446","-351.9","F_0.5_shuffle_446"
"F_0.5_shuffle_447","-356.1","F_0.5_shuffle_447"
"F_0.5_shuffle_448","-346.4","F_0.5_shuffle_448"
"F_0.5_shuffle_449","-352.1","F_0.5_shuffle_449"
"F_0.5_shuffle_450","-346.5","F_0.5_shuffle_450"
"F_0.5_shuffle_451","-368.5","F_0.5_shuffle_451"
"F_0.5_shuffle_452","-354.5","F_0.5_shuffle_452"
"F_0.5_shuffle_453","-339.2","F_0.5_shuffle_453"
"F_0.5_shuffle_454","-354.6","F_0.5_shuffle_454"
"F_0.5_shuffle_455","-355","F_0.5_shuffle_455"
"F_0.5_shuffle_456","-349","F_0.5_shuffle_456"
"F_0.5_shuffle_457","-351.1","F_0.5_shuffle_457"
"F_0.5_shuffle_458","-341","F_0.5_shuffle_458"
"F_0.5_shuffle_459","-355.2","F_0.5_shuffle_459"
"F_0.5_shuffle_460","-353.2","F_0.5_shuffle_460"
"F_0.5_shuffle_461","-355.9","F_0.5_shuffle_461"
"F_0.5_shuffle_462","-350.8","F_0.5_shuffle_462"
"F_0.5_shuffle_463","-358.2","F_0.5_shuffle_463"
"F_0.5_shuffle_464","-348.4","F_0.5_shuffle_464"
"F_0.5_shuffle_465","-357.3","F_0.5_shuffle_465"
"F_0.5_shuffle_466","-340.6","F_0.5_shuffle_466"
"F_0.5_shuffle_467","-360.7","F_0.5_shuffle_467"
"F_0.5_shuffle_468","-358.9","F_0.5_shuffle_468"
"F_0.5_shuffle_469","-362.7","F_0.5_shuffle_469"
"F_0.5_shuffle_470","-353.8","F_0.5_shuffle_470"
"F_0.5_shuffle_471","-356","F_0.5_shuffle_471"
"F_0.5_shuffle_472","-364","F_0.5_shuffle_472"
"F_0.5_shuffle_473","-343.2","F_0.5_shuffle_473"
"F_0.5_shuffle_474","-343.3","F_0.5_shuffle_474"
"F_0.5_shuffle_475","-367.1","F_0.5_shuffle_475"
"F_0.5_shuffle_476","-349.6","F_0.5_shuffle_476"
"F_0.5_shuffle_477","-351.3","F_0.5_shuffle_477"
"F_0.5_shuffle_478","-343.6","F_0.5_shuffle_478"
"F_0.5_shuffle_479","-359.6","F_0.5_shuffle_479"
"F_0.5_shuffle_480","-350.8","F_0.5_shuffle_480"
"F_0.5_shuffle_481","-347.5","F_0.5_shuffle_481"
"F_0.5_shuffle_482","-354.6","F_0.5_shuffle_482"
"F_0.5_shuffle_483","-350.9","F_0.5_shuffle_483"
"F_0.5_shuffle_484","-354.7","F_0.5_shuffle_484"
"F_0.5_shuffle_485","-353","F_0.5_shuffle_485"
"F_0.5_shuffle_486","-348.1","F_0.5_shuffle_486"
"F_0.5_shuffle_487","-362.3","F_0.5_shuffle_487"
"F_0.5_shuffle_488","-355.4","F_0.5_shuffle_488"
"F_0.5_shuffle_489","-351.4","F_0.5_shuffle_489"
"F_0.5_shuffle_490","-350.6","F_0.5_shuffle_490"
"F_0.5_shuffle_491","-351.8","F_0.5_shuffle_491"
"F_0.5_shuffle_492","-353.1","F_0.5_shuffle_492"
"F_0.5_shuffle_493","-357.7","F_0.5_shuffle_493"
"F_0.5_shuffle_494","-370","F_0.5_shuffle_494"
"F_0.5_shuffle_495","-354.5","F_0.5_shuffle_495"
"F_0.5_shuffle_496","-339.5","F_0.5_shuffle_496"
"F_0.5_shuffle_497","-350.3","F_0.5_shuffle_497"
"F_0.5_shuffle_498","-358.2","F_0.5_shuffle_498"
"F_0.5_shuffle_499","-347.2","F_0.5_shuffle_499"
"F_0.5_shuffle_500","-372","F_0.5_shuffle_500"
"F_0.5_shuffle_501","-355.3","F_0.5_shuffle_501"
"F_0.5_shuffle_502","-368.2","F_0.5_shuffle_502"
"F_0.5_shuffle_503","-362.8","F_0.5_shuffle_503"
"F_0.5_shuffle_504","-364.2","F_0.5_shuffle_504"
"F_0.5_shuffle_505","-346.1","F_0.5_shuffle_505"
"F_0.5_shuffle_506","-361.7","F_0.5_shuffle_506"
"F_0.5_shuffle_507","-359.8","F_0.5_shuffle_507"
"F_0.5_shuffle_508","-341.2","F_0.5_shuffle_508"
"F_0.5_shuffle_509","-349.8","F_0.5_shuffle_509"
"F_0.5_shuffle_510","-354.5","F_0.5_shuffle_510"
"F_0.5_shuffle_511","-355.8","F_0.5_shuffle_511"
"F_0.5_shuffle_512","-357.8","F_0.5_shuffle_512"
"F_0.5_shuffle_513","-363.5","F_0.5_shuffle_513"
"F_0.5_shuffle_514","-352.3","F_0.5_shuffle_514"
"F_0.5_shuffle_515","-343.1","F_0.5_shuffle_515"
"F_0.5_shuffle_516","-357.3","F_0.5_shuffle_516"
"F_0.5_shuffle_517","-354.3","F_0.5_shuffle_517"
"F_0.5_shuffle_518","-354.5","F_0.5_shuffle_518"
"F_0.5_shuffle_519","-347.8","F_0.5_shuffle_519"
"F_0.5_shuffle_520","-347.3","F_0.5_shuffle_520"
"F_0.5_shuffle_521","-349.4","F_0.5_shuffle_521"
"F_0.5_shuffle_522","-352","F_0.5_shuffle_522"
"F_0.5_shuffle_523","-347.6","F_0.5_shuffle_523"
"F_0.5_shuffle_524","-367.7","F_0.5_shuffle_524"
"F_0.5_shuffle_525","-364.9","F_0.5_shuffle_525"
"F_0.5_shuffle_526","-359","F_0.5_shuffle_526"
"F_0.5_shuffle_527","-353.4","F_0.5_shuffle_527"
"F_0.5_shuffle_528","-363.2","F_0.5_shuffle_528"
"F_0.5_shuffle_529","-372","F_0.5_shuffle_529"
"F_0.5_shuffle_530","-358.7","F_0.5_shuffle_530"
"F_0.5_shuffle_531","-361.4","F_0.5_shuffle_531"
"F_0.5_shuffle_532","-355.4","F_0.5_shuffle_532"
"F_0.5_shuffle_533","-344.7","F_0.5_shuffle_533"
"F_0.5_shuffle_534","-355.3","F_0.5_shuffle_534"
"F_0.5_shuffle_535","-354.5","F_0.5_shuffle_535"
"F_0.5_shuffle_536","-358.8","F_0.5_shuffle_536"
"F_0.5_shuffle_537","-367.1","F_0.5_shuffle_537"
"F_0.5_shuffle_538","-352.3","F_0.5_shuffle_538"
"F_0.5_shuffle_539","-355.6","F_0.5_shuffle_539"
"F_0.5_shuffle_540","-365.8","F_0.5_shuffle_540"
"F_0.5_shuffle_541","-362","F_0.5_shuffle_541"
"F_0.5_shuffle_542","-340.1","F_0.5_shuffle_542"
"F_0.5_shuffle_543","-348.5","F_0.5_shuffle_543"
"F_0.5_shuffle_544","-357.8","F_0.5_shuffle_544"
"F_0.5_shuffle_545","-353.2","F_0.5_shuffle_545"
"F_0.5_shuffle_546","-364.8","F_0.5_shuffle_546"
"F_0.5_shuffle_547","-369.3","F_0.5_shuffle_547"
"F_0.5_shuffle_548","-353","F_0.5_shuffle_548"
"F_0.5_shuffle_549","-353.9","F_0.5_shuffle_549"
"F_0.5_shuffle_550","-372","F_0.5_shuffle_550"
"F_0.5_shuffle_551","-361.4","F_0.5_shuffle_551"
"F_0.5_shuffle_552","-348.2","F_0.5_shuffle_552"
"F_0.5_shuffle_553","-356.6","F_0.5_shuffle_553"
"F_0.5_shuffle_554","-356.7","F_0.5_shuffle_554"
"F_0.5_shuffle_555","-369.6","F_0.5_shuffle_555"
"F_0.5_shuffle_556","-376.7","F_0.5_shuffle_556"
"F_0.5_shuffle_557","-358.4","F_0.5_shuffle_557"
"F_0.5_shuffle_558","-344.2","F_0.5_shuffle_558"
"F_0.5_shuffle_559","-352.8","F_0.5_shuffle_559"
"F_0.5_shuffle_560","-360.8","F_0.5_shuffle_560"
"F_0.5_shuffle_561","-350.5","F_0.5_shuffle_561"
"F_0.5_shuffle_562","-367.3","F_0.5_shuffle_562"
"F_0.5_shuffle_563","-353.3","F_0.5_shuffle_563"
"F_0.5_shuffle_564","-344.7","F_0.5_shuffle_564"
"F_0.5_shuffle_565","-365.6","F_0.5_shuffle_565"
"F_0.5_shuffle_566","-349.1","F_0.5_shuffle_566"
"F_0.5_shuffle_567","-345.1","F_0.5_shuffle_567"
"F_0.5_shuffle_568","-366.1","F_0.5_shuffle_568"
"F_0.5_shuffle_569","-358","F_0.5_shuffle_569"
"F_0.5_shuffle_570","-350.9","F_0.5_shuffle_570"
"F_0.5_shuffle_571","-354.9","F_0.5_shuffle_571"
"F_0.5_shuffle_572","-355.2","F_0.5_shuffle_572"
"F_0.5_shuffle_573","-357.4","F_0.5_shuffle_573"
"F_0.5_shuffle_574","-362.8","F_0.5_shuffle_574"
"F_0.5_shuffle_575","-344","F_0.5_shuffle_575"
"F_0.5_shuffle_576","-345","F_0.5_shuffle_576"
"F_0.5_shuffle_577","-356.3","F_0.5_shuffle_577"
"F_0.5_shuffle_578","-357.7","F_0.5_shuffle_578"
"F_0.5_shuffle_579","-351.8","F_0.5_shuffle_579"
"F_0.5_shuffle_580","-352.9","F_0.5_shuffle_580"
"F_0.5_shuffle_581","-367.2","F_0.5_shuffle_581"
"F_0.5_shuffle_582","-353.6","F_0.5_shuffle_582"
"F_0.5_shuffle_583","-356.2","F_0.5_shuffle_583"
"F_0.5_shuffle_584","-354.5","F_0.5_shuffle_584"
"F_0.5_shuffle_585","-356.3","F_0.5_shuffle_585"
"F_0.5_shuffle_586","-354.2","F_0.5_shuffle_586"
"F_0.5_shuffle_587","-350.6","F_0.5_shuffle_587"
"F_0.5_shuffle_588","-363.5","F_0.5_shuffle_588"
"F_0.5_shuffle_589","-355.6","F_0.5_shuffle_589"
"F_0.5_shuffle_590","-355.6","F_0.5_shuffle_590"
"F_0.5_shuffle_591","-350.5","F_0.5_shuffle_591"
"F_0.5_shuffle_592","-357","F_0.5_shuffle_592"
"F_0.5_shuffle_593","-336.2","F_0.5_shuffle_593"
"F_0.5_shuffle_594","-348.6","F_0.5_shuffle_594"
"F_0.5_shuffle_595","-346.4","F_0.5_shuffle_595"
"F_0.5_shuffle_596","-357.3","F_0.5_shuffle_596"
"F_0.5_shuffle_597","-367.2","F_0.5_shuffle_597"
"F_0.5_shuffle_598","-350.8","F_0.5_shuffle_598"
"F_0.5_shuffle_599","-352.4","F_0.5_shuffle_599"
"F_0.5_shuffle_600","-347.6","F_0.5_shuffle_600"
"F_0.5_shuffle_601","-352.2","F_0.5_shuffle_601"
"F_0.5_shuffle_602","-344.2","F_0.5_shuffle_602"
"F_0.5_shuffle_603","-340.9","F_0.5_shuffle_603"
"F_0.5_shuffle_604","-352.7","F_0.5_shuffle_604"
"F_0.5_shuffle_605","-364.6","F_0.5_shuffle_605"
"F_0.5_shuffle_606","-348.5","F_0.5_shuffle_606"
"F_0.5_shuffle_607","-355.3","F_0.5_shuffle_607"
"F_0.5_shuffle_608","-355.2","F_0.5_shuffle_608"
"F_0.5_shuffle_609","-354.2","F_0.5_shuffle_609"
"F_0.5_shuffle_610","-353.8","F_0.5_shuffle_610"
"F_0.5_shuffle_611","-354.1","F_0.5_shuffle_611"
"F_0.5_shuffle_612","-357.7","F_0.5_shuffle_612"
"F_0.5_shuffle_613","-345.5","F_0.5_shuffle_613"
"F_0.5_shuffle_614","-353.5","F_0.5_shuffle_614"
"F_0.5_shuffle_615","-355.1","F_0.5_shuffle_615"
"F_0.5_shuffle_616","-344.3","F_0.5_shuffle_616"
"F_0.5_shuffle_617","-348.8","F_0.5_shuffle_617"
"F_0.5_shuffle_618","-351.2","F_0.5_shuffle_618"
"F_0.5_shuffle_619","-361.2","F_0.5_shuffle_619"
"F_0.5_shuffle_620","-349.8","F_0.5_shuffle_620"
"F_0.5_shuffle_621","-347.7","F_0.5_shuffle_621"
"F_0.5_shuffle_622","-356.5","F_0.5_shuffle_622"
"F_0.5_shuffle_623","-379.3","F_0.5_shuffle_623"
"F_0.5_shuffle_624","-353.5","F_0.5_shuffle_624"
"F_0.5_shuffle_625","-347.2","F_0.5_shuffle_625"
"F_0.5_shuffle_626","-362.3","F_0.5_shuffle_626"
"F_0.5_shuffle_627","-347.8","F_0.5_shuffle_627"
"F_0.5_shuffle_628","-346","F_0.5_shuffle_628"
"F_0.5_shuffle_629","-350.4","F_0.5_shuffle_629"
"F_0.5_shuffle_630","-353.7","F_0.5_shuffle_630"
"F_0.5_shuffle_631","-353.4","F_0.5_shuffle_631"
"F_0.5_shuffle_632","-345.3","F_0.5_shuffle_632"
"F_0.5_shuffle_633","-359.8","F_0.5_shuffle_633"
"F_0.5_shuffle_634","-357.1","F_0.5_shuffle_634"
"F_0.5_shuffle_635","-356.7","F_0.5_shuffle_635"
"F_0.5_shuffle_636","-346.9","F_0.5_shuffle_636"
"F_0.5_shuffle_637","-365.8","F_0.5_shuffle_637"
"F_0.5_shuffle_638","-362","F_0.5_shuffle_638"
"F_0.5_shuffle_639","-364.8","F_0.5_shuffle_639"
"F_0.5_shuffle_640","-351.4","F_0.5_shuffle_640"
"F_0.5_shuffle_641","-348.8","F_0.5_shuffle_641"
"F_0.5_shuffle_642","-351.8","F_0.5_shuffle_642"
"F_0.5_shuffle_643","-359.6","F_0.5_shuffle_643"
"F_0.5_shuffle_644","-361.4","F_0.5_shuffle_644"
"F_0.5_shuffle_645","-363.1","F_0.5_shuffle_645"
"F_0.5_shuffle_646","-355","F_0.5_shuffle_646"
"F_0.5_shuffle_647","-354.8","F_0.5_shuffle_647"
"F_0.5_shuffle_648","-343.7","F_0.5_shuffle_648"
"F_0.5_shuffle_649","-373.8","F_0.5_shuffle_649"
"F_0.5_shuffle_650","-366.8","F_0.5_shuffle_650"
"F_0.5_shuffle_651","-353.6","F_0.5_shuffle_651"
"F_0.5_shuffle_652","-351.3","F_0.5_shuffle_652"
"F_0.5_shuffle_653","-368.8","F_0.5_shuffle_653"
"F_0.5_shuffle_654","-355.3","F_0.5_shuffle_654"
"F_0.5_shuffle_655","-346.4","F_0.5_shuffle_655"
"F_0.5_shuffle_656","-356.4","F_0.5_shuffle_656"
"F_0.5_shuffle_657","-350.7","F_0.5_shuffle_657"
"F_0.5_shuffle_658","-362.9","F_0.5_shuffle_658"
"F_0.5_shuffle_659","-348","F_0.5_shuffle_659"
"F_0.5_shuffle_660","-356.6","F_0.5_shuffle_660"
"F_0.5_shuffle_661","-350.2","F_0.5_shuffle_661"
"F_0.5_shuffle_662","-367.1","F_0.5_shuffle_662"
"F_0.5_shuffle_663","-350.7","F_0.5_shuffle_663"
"F_0.5_shuffle_664","-339.6","F_0.5_shuffle_664"
"F_0.5_shuffle_665","-339","F_0.5_shuffle_665"
"F_0.5_shuffle_666","-354","F_0.5_shuffle_666"
"F_0.5_shuffle_667","-345.9","F_0.5_shuffle_667"
"F_0.5_shuffle_668","-343.5","F_0.5_shuffle_668"
"F_0.5_shuffle_669","-340","F_0.5_shuffle_669"
"F_0.5_shuffle_670","-356.2","F_0.5_shuffle_670"
"F_0.5_shuffle_671","-355.5","F_0.5_shuffle_671"
"F_0.5_shuffle_672","-354","F_0.5_shuffle_672"
"F_0.5_shuffle_673","-352.1","F_0.5_shuffle_673"
"F_0.5_shuffle_674","-352.8","F_0.5_shuffle_674"
"F_0.5_shuffle_675","-353.5","F_0.5_shuffle_675"
"F_0.5_shuffle_676","-353.7","F_0.5_shuffle_676"
"F_0.5_shuffle_677","-353.9","F_0.5_shuffle_677"
"F_0.5_shuffle_678","-357.1","F_0.5_shuffle_678"
"F_0.5_shuffle_679","-343.2","F_0.5_shuffle_679"
"F_0.5_shuffle_680","-365.6","F_0.5_shuffle_680"
"F_0.5_shuffle_681","-376.6","F_0.5_shuffle_681"
"F_0.5_shuffle_682","-363.5","F_0.5_shuffle_682"
"F_0.5_shuffle_683","-364.9","F_0.5_shuffle_683"
"F_0.5_shuffle_684","-355.9","F_0.5_shuffle_684"
"F_0.5_shuffle_685","-344.3","F_0.5_shuffle_685"
"F_0.5_shuffle_686","-348.1","F_0.5_shuffle_686"
"F_0.5_shuffle_687","-358.2","F_0.5_shuffle_687"
"F_0.5_shuffle_688","-350","F_0.5_shuffle_688"
"F_0.5_shuffle_689","-353.4","F_0.5_shuffle_689"
"F_0.5_shuffle_690","-379.9","F_0.5_shuffle_690"
"F_0.5_shuffle_691","-355","F_0.5_shuffle_691"
"F_0.5_shuffle_692","-347.1","F_0.5_shuffle_692"
"F_0.5_shuffle_693","-351","F_0.5_shuffle_693"
"F_0.5_shuffle_694","-344.7","F_0.5_shuffle_694"
"F_0.5_shuffle_695","-350.4","F_0.5_shuffle_695"
"F_0.5_shuffle_696","-361.4","F_0.5_shuffle_696"
"F_0.5_shuffle_697","-359.1","F_0.5_shuffle_697"
"F_0.5_shuffle_698","-349.7","F_0.5_shuffle_698"
"F_0.5_shuffle_699","-342.1","F_0.5_shuffle_699"
"F_0.5_shuffle_700","-354.5","F_0.5_shuffle_700"
"F_0.5_shuffle_701","-347.5","F_0.5_shuffle_701"
"F_0.5_shuffle_702","-345.2","F_0.5_shuffle_702"
"F_0.5_shuffle_703","-348.8","F_0.5_shuffle_703"
"F_0.5_shuffle_704","-351.9","F_0.5_shuffle_704"
"F_0.5_shuffle_705","-344.1","F_0.5_shuffle_705"
"F_0.5_shuffle_706","-355.1","F_0.5_shuffle_706"
"F_0.5_shuffle_707","-347.4","F_0.5_shuffle_707"
"F_0.5_shuffle_708","-354","F_0.5_shuffle_708"
"F_0.5_shuffle_709","-355","F_0.5_shuffle_709"
"F_0.5_shuffle_710","-343.1","F_0.5_shuffle_710"
"F_0.5_shuffle_711","-362.3","F_0.5_shuffle_711"
"F_0.5_shuffle_712","-349","F_0.5_shuffle_712"
"F_0.5_shuffle_713","-360","F_0.5_shuffle_713"
"F_0.5_shuffle_714","-362.4","F_0.5_shuffle_714"
"F_0.5_shuffle_715","-343.1","F_0.5_shuffle_715"
"F_0.5_shuffle_716","-355.9","F_0.5_shuffle_716"
"F_0.5_shuffle_717","-368.4","F_0.5_shuffle_717"
"F_0.5_shuffle_718","-359.6","F_0.5_shuffle_718"
"F_0.5_shuffle_719","-356.9","F_0.5_shuffle_719"
"F_0.5_shuffle_720","-352.6","F_0.5_shuffle_720"
"F_0.5_shuffle_721","-359.1","F_0.5_shuffle_721"
"F_0.5_shuffle_722","-353.9","F_0.5_shuffle_722"
"F_0.5_shuffle_723","-352.2","F_0.5_shuffle_723"
"F_0.5_shuffle_724","-354.6","F_0.5_shuffle_724"
"F_0.5_shuffle_725","-352.7","F_0.5_shuffle_725"
"F_0.5_shuffle_726","-371.8","F_0.5_shuffle_726"
"F_0.5_shuffle_727","-350.7","F_0.5_shuffle_727"
"F_0.5_shuffle_728","-359.4","F_0.5_shuffle_728"
"F_0.5_shuffle_729","-340.1","F_0.5_shuffle_729"
"F_0.5_shuffle_730","-350.3","F_0.5_shuffle_730"
"F_0.5_shuffle_731","-357.7","F_0.5_shuffle_731"
"F_0.5_shuffle_732","-366.1","F_0.5_shuffle_732"
"F_0.5_shuffle_733","-359.9","F_0.5_shuffle_733"
"F_0.5_shuffle_734","-351.3","F_0.5_shuffle_734"
"F_0.5_shuffle_735","-351.1","F_0.5_shuffle_735"
"F_0.5_shuffle_736","-353.6","F_0.5_shuffle_736"
"F_0.5_shuffle_737","-363.7","F_0.5_shuffle_737"
"F_0.5_shuffle_738","-355.1","F_0.5_shuffle_738"
"F_0.5_shuffle_739","-348.3","F_0.5_shuffle_739"
"F_0.5_shuffle_740","-351.3","F_0.5_shuffle_740"
"F_0.5_shuffle_741","-360.4","F_0.5_shuffle_741"
"F_0.5_shuffle_742","-342.9","F_0.5_shuffle_742"
"F_0.5_shuffle_743","-364.4","F_0.5_shuffle_743"
"F_0.5_shuffle_744","-356.6","F_0.5_shuffle_744"
"F_0.5_shuffle_745","-355.4","F_0.5_shuffle_745"
"F_0.5_shuffle_746","-354.6","F_0.5_shuffle_746"
"F_0.5_shuffle_747","-351.4","F_0.5_shuffle_747"
"F_0.5_shuffle_748","-351.5","F_0.5_shuffle_748"
"F_0.5_shuffle_749","-360.1","F_0.5_shuffle_749"
"F_0.5_shuffle_750","-354","F_0.5_shuffle_750"
"F_0.5_shuffle_751","-351.1","F_0.5_shuffle_751"
"F_0.5_shuffle_752","-347.8","F_0.5_shuffle_752"
"F_0.5_shuffle_753","-350.8","F_0.5_shuffle_753"
"F_0.5_shuffle_754","-345.1","F_0.5_shuffle_754"
"F_0.5_shuffle_755","-355","F_0.5_shuffle_755"
"F_0.5_shuffle_756","-355","F_0.5_shuffle_756"
"F_0.5_shuffle_757","-354.9","F_0.5_shuffle_757"
"F_0.5_shuffle_758","-363.9","F_0.5_shuffle_758"
"F_0.5_shuffle_759","-360.6","F_0.5_shuffle_759"
"F_0.5_shuffle_760","-349.3","F_0.5_shuffle_760"
"F_0.5_shuffle_761","-346.5","F_0.5_shuffle_761"
"F_0.5_shuffle_762","-350.8","F_0.5_shuffle_762"
"F_0.5_shuffle_763","-357","F_0.5_shuffle_763"
"F_0.5_shuffle_764","-358.9","F_0.5_shuffle_764"
"F_0.5_shuffle_765","-365.2","F_0.5_shuffle_765"
"F_0.5_shuffle_766","-355.1","F_0.5_shuffle_766"
"F_0.5_shuffle_767","-365.4","F_0.5_shuffle_767"
"F_0.5_shuffle_768","-374","F_0.5_shuffle_768"
"F_0.5_shuffle_769","-355.6","F_0.5_shuffle_769"
"F_0.5_shuffle_770","-356.7","F_0.5_shuffle_770"
"F_0.5_shuffle_771","-351.4","F_0.5_shuffle_771"
"F_0.5_shuffle_772","-348.8","F_0.5_shuffle_772"
"F_0.5_shuffle_773","-359.5","F_0.5_shuffle_773"
"F_0.5_shuffle_774","-358.2","F_0.5_shuffle_774"
"F_0.5_shuffle_775","-362.1","F_0.5_shuffle_775"
"F_0.5_shuffle_776","-370.9","F_0.5_shuffle_776"
"F_0.5_shuffle_777","-359.9","F_0.5_shuffle_777"
"F_0.5_shuffle_778","-364.1","F_0.5_shuffle_778"
"F_0.5_shuffle_779","-339","F_0.5_shuffle_779"
"F_0.5_shuffle_780","-362.3","F_0.5_shuffle_780"
"F_0.5_shuffle_781","-357.7","F_0.5_shuffle_781"
"F_0.5_shuffle_782","-364.3","F_0.5_shuffle_782"
"F_0.5_shuffle_783","-351.2","F_0.5_shuffle_783"
"F_0.5_shuffle_784","-349.6","F_0.5_shuffle_784"
"F_0.5_shuffle_785","-366","F_0.5_shuffle_785"
"F_0.5_shuffle_786","-348.3","F_0.5_shuffle_786"
"F_0.5_shuffle_787","-368.3","F_0.5_shuffle_787"
"F_0.5_shuffle_788","-351.8","F_0.5_shuffle_788"
"F_0.5_shuffle_789","-359.7","F_0.5_shuffle_789"
"F_0.5_shuffle_790","-344.3","F_0.5_shuffle_790"
"F_0.5_shuffle_791","-348.9","F_0.5_shuffle_791"
"F_0.5_shuffle_792","-352.3","F_0.5_shuffle_792"
"F_0.5_shuffle_793","-355.8","F_0.5_shuffle_793"
"F_0.5_shuffle_794","-350.3","F_0.5_shuffle_794"
"F_0.5_shuffle_795","-361.7","F_0.5_shuffle_795"
"F_0.5_shuffle_796","-356.9","F_0.5_shuffle_796"
"F_0.5_shuffle_797","-337.8","F_0.5_shuffle_797"
"F_0.5_shuffle_798","-359","F_0.5_shuffle_798"
"F_0.5_shuffle_799","-358.7","F_0.5_shuffle_799"
"F_0.5_shuffle_800","-350.8","F_0.5_shuffle_800"
"F_0.5_shuffle_801","-359.3","F_0.5_shuffle_801"
"F_0.5_shuffle_802","-364.9","F_0.5_shuffle_802"
"F_0.5_shuffle_803","-360.5","F_0.5_shuffle_803"
"F_0.5_shuffle_804","-342.2","F_0.5_shuffle_804"
"F_0.5_shuffle_805","-350","F_0.5_shuffle_805"
"F_0.5_shuffle_806","-353.5","F_0.5_shuffle_806"
"F_0.5_shuffle_807","-352.1","F_0.5_shuffle_807"
"F_0.5_shuffle_808","-357.6","F_0.5_shuffle_808"
"F_0.5_shuffle_809","-357.9","F_0.5_shuffle_809"
"F_0.5_shuffle_810","-352.3","F_0.5_shuffle_810"
"F_0.5_shuffle_811","-359.4","F_0.5_shuffle_811"
"F_0.5_shuffle_812","-349","F_0.5_shuffle_812"
"F_0.5_shuffle_813","-352.8","F_0.5_shuffle_813"
"F_0.5_shuffle_814","-355","F_0.5_shuffle_814"
"F_0.5_shuffle_815","-347.2","F_0.5_shuffle_815"
"F_0.5_shuffle_816","-355.5","F_0.5_shuffle_816"
"F_0.5_shuffle_817","-358.5","F_0.5_shuffle_817"
"F_0.5_shuffle_818","-341.5","F_0.5_shuffle_818"
"F_0.5_shuffle_819","-369.9","F_0.5_shuffle_819"
"F_0.5_shuffle_820","-347","F_0.5_shuffle_820"
"F_0.5_shuffle_821","-352.2","F_0.5_shuffle_821"
"F_0.5_shuffle_822","-349.1","F_0.5_shuffle_822"
"F_0.5_shuffle_823","-352.6","F_0.5_shuffle_823"
"F_0.5_shuffle_824","-353.4","F_0.5_shuffle_824"
"F_0.5_shuffle_825","-353.4","F_0.5_shuffle_825"
"F_0.5_shuffle_826","-363.1","F_0.5_shuffle_826"
"F_0.5_shuffle_827","-370.9","F_0.5_shuffle_827"
"F_0.5_shuffle_828","-364.1","F_0.5_shuffle_828"
"F_0.5_shuffle_829","-358.4","F_0.5_shuffle_829"
"F_0.5_shuffle_830","-361.2","F_0.5_shuffle_830"
"F_0.5_shuffle_831","-345.2","F_0.5_shuffle_831"
"F_0.5_shuffle_832","-357.1","F_0.5_shuffle_832"
"F_0.5_shuffle_833","-366.4","F_0.5_shuffle_833"
"F_0.5_shuffle_834","-346.9","F_0.5_shuffle_834"
"F_0.5_shuffle_835","-350.1","F_0.5_shuffle_835"
"F_0.5_shuffle_836","-353.5","F_0.5_shuffle_836"
"F_0.5_shuffle_837","-351.7","F_0.5_shuffle_837"
"F_0.5_shuffle_838","-357.4","F_0.5_shuffle_838"
"F_0.5_shuffle_839","-364.3","F_0.5_shuffle_839"
"F_0.5_shuffle_840","-370.2","F_0.5_shuffle_840"
"F_0.5_shuffle_841","-350.5","F_0.5_shuffle_841"
"F_0.5_shuffle_842","-352.1","F_0.5_shuffle_842"
"F_0.5_shuffle_843","-359.7","F_0.5_shuffle_843"
"F_0.5_shuffle_844","-342.8","F_0.5_shuffle_844"
"F_0.5_shuffle_845","-349.5","F_0.5_shuffle_845"
"F_0.5_shuffle_846","-361.4","F_0.5_shuffle_846"
"F_0.5_shuffle_847","-366.1","F_0.5_shuffle_847"
"F_0.5_shuffle_848","-345.9","F_0.5_shuffle_848"
"F_0.5_shuffle_849","-355.7","F_0.5_shuffle_849"
"F_0.5_shuffle_850","-358.8","F_0.5_shuffle_850"
"F_0.5_shuffle_851","-354.6","F_0.5_shuffle_851"
"F_0.5_shuffle_852","-363.9","F_0.5_shuffle_852"
"F_0.5_shuffle_853","-364.6","F_0.5_shuffle_853"
"F_0.5_shuffle_854","-368","F_0.5_shuffle_854"
"F_0.5_shuffle_855","-374.3","F_0.5_shuffle_855"
"F_0.5_shuffle_856","-354.3","F_0.5_shuffle_856"
"F_0.5_shuffle_857","-352","F_0.5_shuffle_857"
"F_0.5_shuffle_858","-349","F_0.5_shuffle_858"
"F_0.5_shuffle_859","-362.6","F_0.5_shuffle_859"
"F_0.5_shuffle_860","-351.4","F_0.5_shuffle_860"
"F_0.5_shuffle_861","-345.8","F_0.5_shuffle_861"
"F_0.5_shuffle_862","-361.2","F_0.5_shuffle_862"
"F_0.5_shuffle_863","-360.3","F_0.5_shuffle_863"
"F_0.5_shuffle_864","-349.6","F_0.5_shuffle_864"
"F_0.5_shuffle_865","-350.8","F_0.5_shuffle_865"
"F_0.5_shuffle_866","-364.6","F_0.5_shuffle_866"
"F_0.5_shuffle_867","-349.1","F_0.5_shuffle_867"
"F_0.5_shuffle_868","-357.3","F_0.5_shuffle_868"
"F_0.5_shuffle_869","-362","F_0.5_shuffle_869"
"F_0.5_shuffle_870","-357.8","F_0.5_shuffle_870"
"F_0.5_shuffle_871","-360.1","F_0.5_shuffle_871"
"F_0.5_shuffle_872","-368.9","F_0.5_shuffle_872"
"F_0.5_shuffle_873","-358.9","F_0.5_shuffle_873"
"F_0.5_shuffle_874","-352.5","F_0.5_shuffle_874"
"F_0.5_shuffle_875","-350","F_0.5_shuffle_875"
"F_0.5_shuffle_876","-345.5","F_0.5_shuffle_876"
"F_0.5_shuffle_877","-371.9","F_0.5_shuffle_877"
"F_0.5_shuffle_878","-361.7","F_0.5_shuffle_878"
"F_0.5_shuffle_879","-348.4","F_0.5_shuffle_879"
"F_0.5_shuffle_880","-359","F_0.5_shuffle_880"
"F_0.5_shuffle_881","-358.3","F_0.5_shuffle_881"
"F_0.5_shuffle_882","-350.4","F_0.5_shuffle_882"
"F_0.5_shuffle_883","-351.5","F_0.5_shuffle_883"
"F_0.5_shuffle_884","-349","F_0.5_shuffle_884"
"F_0.5_shuffle_885","-366.6","F_0.5_shuffle_885"
"F_0.5_shuffle_886","-357.5","F_0.5_shuffle_886"
"F_0.5_shuffle_887","-360.7","F_0.5_shuffle_887"
"F_0.5_shuffle_888","-360.3","F_0.5_shuffle_888"
"F_0.5_shuffle_889","-355.7","F_0.5_shuffle_889"
"F_0.5_shuffle_890","-363.3","F_0.5_shuffle_890"
"F_0.5_shuffle_891","-358.5","F_0.5_shuffle_891"
"F_0.5_shuffle_892","-355.8","F_0.5_shuffle_892"
"F_0.5_shuffle_893","-353.3","F_0.5_shuffle_893"
"F_0.5_shuffle_894","-343.5","F_0.5_shuffle_894"
"F_0.5_shuffle_895","-355.5","F_0.5_shuffle_895"
"F_0.5_shuffle_896","-357.2","F_0.5_shuffle_896"
"F_0.5_shuffle_897","-363.4","F_0.5_shuffle_897"
"F_0.5_shuffle_898","-345.5","F_0.5_shuffle_898"
"F_0.5_shuffle_899","-368.9","F_0.5_shuffle_899"
"F_0.5_shuffle_900","-345.7","F_0.5_shuffle_900"
"F_0.5_shuffle_901","-350","F_0.5_shuffle_901"
"F_0.5_shuffle_902","-345.4","F_0.5_shuffle_902"
"F_0.5_shuffle_903","-372.9","F_0.5_shuffle_903"
"F_0.5_shuffle_904","-370.6","F_0.5_shuffle_904"
"F_0.5_shuffle_905","-348.3","F_0.5_shuffle_905"
"F_0.5_shuffle_906","-358.7","F_0.5_shuffle_906"
"F_0.5_shuffle_907","-356.9","F_0.5_shuffle_907"
"F_0.5_shuffle_908","-347","F_0.5_shuffle_908"
"F_0.5_shuffle_909","-351.1","F_0.5_shuffle_909"
"F_0.5_shuffle_910","-352.3","F_0.5_shuffle_910"
"F_0.5_shuffle_911","-351.2","F_0.5_shuffle_911"
"F_0.5_shuffle_912","-350.4","F_0.5_shuffle_912"
"F_0.5_shuffle_913","-351.3","F_0.5_shuffle_913"
"F_0.5_shuffle_914","-349.4","F_0.5_shuffle_914"
"F_0.5_shuffle_915","-351.9","F_0.5_shuffle_915"
"F_0.5_shuffle_916","-372.8","F_0.5_shuffle_916"
"F_0.5_shuffle_917","-365.4","F_0.5_shuffle_917"
"F_0.5_shuffle_918","-356.5","F_0.5_shuffle_918"
"F_0.5_shuffle_919","-351","F_0.5_shuffle_919"
"F_0.5_shuffle_920","-354.1","F_0.5_shuffle_920"
"F_0.5_shuffle_921","-354","F_0.5_shuffle_921"
"F_0.5_shuffle_922","-350.1","F_0.5_shuffle_922"
"F_0.5_shuffle_923","-359.2","F_0.5_shuffle_923"
"F_0.5_shuffle_924","-359.4","F_0.5_shuffle_924"
"F_0.5_shuffle_925","-353.4","F_0.5_shuffle_925"
"F_0.5_shuffle_926","-352.3","F_0.5_shuffle_926"
"F_0.5_shuffle_927","-365.8","F_0.5_shuffle_927"
"F_0.5_shuffle_928","-347.1","F_0.5_shuffle_928"
"F_0.5_shuffle_929","-337.3","F_0.5_shuffle_929"
"F_0.5_shuffle_930","-345.4","F_0.5_shuffle_930"
"F_0.5_shuffle_931","-340.5","F_0.5_shuffle_931"
"F_0.5_shuffle_932","-352.1","F_0.5_shuffle_932"
"F_0.5_shuffle_933","-348.7","F_0.5_shuffle_933"
"F_0.5_shuffle_934","-356.3","F_0.5_shuffle_934"
"F_0.5_shuffle_935","-358.7","F_0.5_shuffle_935"
"F_0.5_shuffle_936","-341.9","F_0.5_shuffle_936"
"F_0.5_shuffle_937","-337.5","F_0.5_shuffle_937"
"F_0.5_shuffle_938","-353.5","F_0.5_shuffle_938"
"F_0.5_shuffle_939","-352.3","F_0.5_shuffle_939"
"F_0.5_shuffle_940","-353.3","F_0.5_shuffle_940"
"F_0.5_shuffle_941","-353.8","F_0.5_shuffle_941"
"F_0.5_shuffle_942","-362.6","F_0.5_shuffle_942"
"F_0.5_shuffle_943","-350.5","F_0.5_shuffle_943"
"F_0.5_shuffle_944","-353.8","F_0.5_shuffle_944"
"F_0.5_shuffle_945","-352.3","F_0.5_shuffle_945"
"F_0.5_shuffle_946","-351.2","F_0.5_shuffle_946"
"F_0.5_shuffle_947","-345.2","F_0.5_shuffle_947"
"F_0.5_shuffle_948","-351.4","F_0.5_shuffle_948"
"F_0.5_shuffle_949","-351.2","F_0.5_shuffle_949"
"F_0.5_shuffle_950","-354.3","F_0.5_shuffle_950"
"F_0.5_shuffle_951","-348.4","F_0.5_shuffle_951"
"F_0.5_shuffle_952","-337.4","F_0.5_shuffle_952"
"F_0.5_shuffle_953","-356.2","F_0.5_shuffle_953"
"F_0.5_shuffle_954","-360.1","F_0.5_shuffle_954"
"F_0.5_shuffle_955","-347.4","F_0.5_shuffle_955"
"F_0.5_shuffle_956","-349.3","F_0.5_shuffle_956"
"F_0.5_shuffle_957","-358.5","F_0.5_shuffle_957"
"F_0.5_shuffle_958","-362.7","F_0.5_shuffle_958"
"F_0.5_shuffle_959","-360.8","F_0.5_shuffle_959"
"F_0.5_shuffle_960","-351.2","F_0.5_shuffle_960"
"F_0.5_shuffle_961","-373","F_0.5_shuffle_961"
"F_0.5_shuffle_962","-357","F_0.5_shuffle_962"
"F_0.5_shuffle_963","-349.9","F_0.5_shuffle_963"
"F_0.5_shuffle_964","-364.9","F_0.5_shuffle_964"
"F_0.5_shuffle_965","-357.3","F_0.5_shuffle_965"
"F_0.5_shuffle_966","-341","F_0.5_shuffle_966"
"F_0.5_shuffle_967","-348.2","F_0.5_shuffle_967"
"F_0.5_shuffle_968","-358.9","F_0.5_shuffle_968"
"F_0.5_shuffle_969","-344.8","F_0.5_shuffle_969"
"F_0.5_shuffle_970","-359.4","F_0.5_shuffle_970"
"F_0.5_shuffle_971","-365.3","F_0.5_shuffle_971"
"F_0.5_shuffle_972","-356.5","F_0.5_shuffle_972"
"F_0.5_shuffle_973","-353.5","F_0.5_shuffle_973"
"F_0.5_shuffle_974","-357","F_0.5_shuffle_974"
"F_0.5_shuffle_975","-371.6","F_0.5_shuffle_975"
"F_0.5_shuffle_976","-356.5","F_0.5_shuffle_976"
"F_0.5_shuffle_977","-363.9","F_0.5_shuffle_977"
"F_0.5_shuffle_978","-360.9","F_0.5_shuffle_978"
"F_0.5_shuffle_979","-359","F_0.5_shuffle_979"
"F_0.5_shuffle_980","-357.9","F_0.5_shuffle_980"
"F_0.5_shuffle_981","-361.7","F_0.5_shuffle_981"
"F_0.5_shuffle_982","-352.4","F_0.5_shuffle_982"
"F_0.5_shuffle_983","-345.7","F_0.5_shuffle_983"
"F_0.5_shuffle_984","-362.4","F_0.5_shuffle_984"
"F_0.5_shuffle_985","-354.9","F_0.5_shuffle_985"
"F_0.5_shuffle_986","-367.1","F_0.5_shuffle_986"
"F_0.5_shuffle_987","-356.4","F_0.5_shuffle_987"
"F_0.5_shuffle_988","-352.9","F_0.5_shuffle_988"
"F_0.5_shuffle_989","-344.2","F_0.5_shuffle_989"
"F_0.5_shuffle_990","-350.1","F_0.5_shuffle_990"
"F_0.5_shuffle_991","-345.1","F_0.5_shuffle_991"
"F_0.5_shuffle_992","-358.1","F_0.5_shuffle_992"
"F_0.5_shuffle_993","-346.9","F_0.5_shuffle_993"
"F_0.5_shuffle_994","-362.6","F_0.5_shuffle_994"
"F_0.5_shuffle_995","-356.8","F_0.5_shuffle_995"
"F_0.5_shuffle_996","-360.1","F_0.5_shuffle_996"
"F_0.5_shuffle_997","-349.1","F_0.5_shuffle_997"
"F_0.5_shuffle_998","-371.9","F_0.5_shuffle_998"
"F_0.5_shuffle_999","-360.7","F_0.5_shuffle_999"
"F_0.5_shuffle_1000","-342.1","F_0.5_shuffle_1000"
